epoch	date	manifest
1635907877	2021-11-03	8239561481476370465
1636590780	2021-11-11	6612685449234715357
1636592916	2021-11-11	5108784375047302058
1637118945	2021-11-17	326456434591837146
1637714287	2021-11-24	106294477919981198
1638403339	2021-12-02	5557752944153389931
1638490687	2021-12-03	1990333566971264698
1640131358	2021-12-22	5972385450209279182
1643061699	2022-01-24	6837384922048319922
1643306522	2022-01-27	2432883041252949792
1643749334	2022-02-01	2427535298405466802
1643990586	2022-02-04	6557414627157007248
1645135378	2022-02-17	7632305561055451641
1645586168	2022-02-23	7139608141197876683
1646265920	2022-03-03	8662372968268239056
1647388974	2022-03-16	6733278281848561193
1648002502	2022-03-23	5722422029296414086
1649048261	2022-04-04	7165779049985007707
1650503442	2022-04-21	7599204088077224121
1651779141	2022-05-05	8462828705771283592
1651798924	2022-05-06	3315086956180175567
1652220311	2022-05-10	7249988662498706235
1652464436	2022-05-13	3090089118614540992
1652514807	2022-05-14	4943266225223116777
1652679515	2022-05-16	4579620120648812126
1652933126	2022-05-19	2082500874083770067
1653521613	2022-05-25	1228835140409683710
1654145723	2022-06-02	8628579843003481755
1655251434	2022-06-15	1751070635077352462
1655857831	2022-06-22	3212311602164944754
1656555334	2022-06-30	1110579769845026063
1657756996	2022-07-14	159258567746468230
1659404674	2022-08-02	5166289521798129844
1660244662	2022-08-11	4568259677295894440
1660688008	2022-08-16	1480073363562718204
1660928766	2022-08-19	2437597455658377387
1661159515	2022-08-22	7385049722375840406
1661322719	2022-08-24	1981064112863330864
1661410010	2022-08-25	5217040975996554291
1661747933	2022-08-29	922791973704293921
1661761636	2022-08-29	6534149825072456368
1662004611	2022-09-01	6289015157456151405
1662595348	2022-09-08	7095609857855704240
1663130670	2022-09-14	2177125591066755006
1663819139	2022-09-22	2787112129291155625
1665625543	2022-10-13	335434265814990128
1667430440	2022-11-02	6403330199651108703
1669266643	2022-11-24	7220898276817167863
1669917741	2022-12-01	2092222261563266690
1670360894	2022-12-06	4868243602135906891
1670604324	2022-12-09	5371769743224633757
1670621416	2022-12-09	561518650071652255
1670649431	2022-12-10	195941294581821011
1671052908	2022-12-14	1145979777881517230
1671598394	2022-12-21	1778656977239560185
1673483559	2023-01-12	6787498622179749326
1675292894	2023-02-01	5385735205468294863
1678221267	2023-03-07	6503780979931778807
1680199423	2023-03-30	7089097471695442540
1680646080	2023-04-04	1388150619477197811
1680887306	2023-04-07	2920172005682371719
1680927527	2023-04-08	458026884953720594
1681367049	2023-04-13	8850616707167527495
1683158623	2023-05-04	4254801574094236180
1683255239	2023-05-05	2243294094127969984
1684894906	2023-05-24	5618148568722947956
1690164149	2023-07-24	8537190205386382085
1690421778	2023-07-27	3624564982108741370
1692141583	2023-08-15	6098928481777387789
1692378641	2023-08-18	438181436820902170
1692758443	2023-08-23	2712224721320243465
1693195320	2023-08-28	1369674699313684139
1693881565	2023-09-05	1275158248996762790
1694060213	2023-09-07	896633001708570793
1694573813	2023-09-13	11955187285718937
1695013514	2023-09-18	7928931642655415713
1695263176	2023-09-21	4145258095544714071
1696205051	2023-10-02	6714998465043076231
1698192372	2023-10-25	8473720710692736532
1698626299	2023-10-30	2712030592506351736
1698969293	2023-11-02	6870702596104575956
1701812211	2023-12-05	7470557307429329927
1702052031	2023-12-08	6445245661020542913
1702521515	2023-12-14	3855646290476597325
1702958011	2023-12-19	6839706880938385757
1704765285	2024-01-09	905976642782246431
1705363739	2024-01-16	4596190351700800629
1706233342	2024-01-26	6504235882596166274
1706750154	2024-02-01	5559425081936494373
1707869076	2024-02-14	5454198688474578763
1710277556	2024-03-12	4247553158507314528
1711048754	2024-03-21	6635968500204667800
1711487617	2024-03-26	8614805897024414073
1711728602	2024-03-29	1370678521976710589
1712120723	2024-04-03	1428022302629538070
1712285010	2024-04-05	4633647765781643437
1712806083	2024-04-11	1676964785190131881
1713912974	2024-04-23	915719800799471690
1713914224	2024-04-23	8891372132391486689
1714536679	2024-05-01	8168189003677484083
1718847413	2024-06-20	7312238019031836510
1721330364	2024-07-18	7085185175645652900
1721350176	2024-07-19	6575814296598624367
1721772462	2024-07-23	2981205279008815393
1722014043	2024-07-26	2759539293037666372
1722057393	2024-07-27	1676066933683458066
1722131520	2024-07-28	4508578367146492207
1722316960	2024-07-30	5069673203154616296
1722487280	2024-08-01	9127277130096730334
1722919563	2024-08-06	793726556756789525
1722994365	2024-08-07	6918816312717795461
1723585670	2024-08-13	8425158302642600964
1727230522	2024-09-25	1800085311379110274
1730761403	2024-11-04	527995809467921155
1731535515	2024-11-13	6676050316595897849
1732216129	2024-11-21	8147699657046772056
1732669613	2024-11-27	4910376313027634120
1733347664	2024-12-04	2372965235081134393
1733348384	2024-12-04	7266238049038619496
1740017195	2025-02-20	6571278792256819149
1740106364	2025-02-21	3255693053113344836
1741657269	2025-03-11	3914625209249502190
1742429664	2025-03-20	8658658514957034082
1744767706	2025-04-16	439110868048387851
1746058002	2025-05-01	3960850174558718542
1747271441	2025-05-15	8672487593871917758
1748233183	2025-05-26	1885420406688965163
1749151058	2025-06-05	390675010752052602
1749507777	2025-06-09	392611373671137640
1749834948	2025-06-13	5066069668333351250
1749879064	2025-06-14	7835346410161847889
1750055665	2025-06-16	7424223709366395273
1750284805	2025-06-18	7077061352588733183
1751331941	2025-07-01	5078493312748947742
1752196390	2025-07-11	4158054436110833999
1753156427	2025-07-22	2294337720749147576
1753924067	2025-07-31	4298814936661670941
1754527457	2025-08-07	4594743325846488657
1755716929	2025-08-20	2386790259727180999
1756253747	2025-08-27	9127233830426584354
1756490548	2025-08-29	3637950967776613225
1758676495	2025-09-24	2696790444170956958
1759276796	2025-09-30	5666914033133341364
1761243072	2025-10-23	5877597060036108272
1761599485	2025-10-27	4843472773372564190
1761927115	2025-10-31	582014339973449492
1762311065	2025-11-05	7766958687464620680
1762486577	2025-11-07	4367766350064337324
1762992710	2025-11-13	7820961688571861709
1763597451	2025-11-20	3396807686779887665
1764871915	2025-12-04	7941814552399129896
1765559129	2025-12-12	179342197692768044
1769634948	2026-01-28	7168885653802526598
1772129619	2026-02-26	9214133759059300470
1772486845	2026-03-02	5422427182768030285
1772814149	2026-03-06	3625413368801666771
1773098229	2026-03-09	1829584237736584398
1773205830	2026-03-11	1681797190240701868
1773792384	2026-03-18	8087525230437285180
1773889951	2026-03-19	6432683927639570976
1774480073	2026-03-25	7120119780561305276
1774480105	2026-03-25	5169930979557863868
1774576798	2026-03-27	2195818115043356827
1775611779	2026-04-08	4915427571635158258
1776648378	2026-04-20	8797505309578925779
1778181456	2026-05-07	7011545316967399352
1780074626	2026-05-29	4684216145461069409
1780614632	2026-06-04	8760378026138718375
1782269598	2026-06-24	3837355317569905986
1782515236	2026-06-26	6337295774092240541
1784230345	2026-07-16	2413114044363036689
1784586792	2026-07-20	7392830184361287422
