content_epoch	content_manifest	program_manifest
1635907877	8239561481476370465	8982088648718716516
1636590780	6612685449234715357	2140159233968500688
1636592916	5108784375047302058	1950531238164648422
1637118945	326456434591837146	2706129561826671272
1637714287	106294477919981198	7933861626912128982
1638403339	5557752944153389931	4880318983098424035
1638490687	1990333566971264698	4711636913700208078
1640131358	5972385450209279182	1476922527002945026
1643061699	6837384922048319922	3405390589136046990
1643306522	2432883041252949792	5415426992418931274
1643749334	2427535298405466802	6367126610613274729
1643990586	6557414627157007248	2402496808320717578
1645135378	7632305561055451641	2404421580817842812
1645586168	7139608141197876683	3279550258468373550
1646265920	8662372968268239056	3299327839718317807
1647388974	6733278281848561193	5362218579255650152
1648002502	5722422029296414086	2433966968108616831
1649048261	7165779049985007707	3860832167287828987
1650503442	7599204088077224121	2308215667821344299
1651779141	8462828705771283592	3684535929211270986
1651798924	3315086956180175567	2326883187946916736
1652220311	7249988662498706235	1338107118059705933
1652464436	3090089118614540992	1947321652997278542
1652514807	4943266225223116777	5401766101752523571
1652679515	4579620120648812126	3559377118817057935
1652933126	2082500874083770067	2793216979623229772
1653521613	1228835140409683710	1703328660043035063
1654145723	8628579843003481755	2542183516457273677
1655251434	1751070635077352462	5654086130423198733
1655857831	3212311602164944754	4583718748690596163
1656555334	1110579769845026063	2578509173298157794
1657756996	159258567746468230	7886356738396858429
1659404674	5166289521798129844	6860015873714152192
1660244662	4568259677295894440	1724930327299275208
1660688008	1480073363562718204	6955210503452192328
1660928766	2437597455658377387	8344800006535766275
1661159515	7385049722375840406	9097921030725500847
1661322719	1981064112863330864	851489929728709428
1661410010	5217040975996554291	2069897360895376589
1661747933	922791973704293921	2264776676089367219
1661761636	6534149825072456368	2245202902422937853
1662004611	6289015157456151405	6906932989402840430
1662595348	7095609857855704240	1520976121717154675
1663130670	2177125591066755006	7451363126219246481
1663819139	2787112129291155625	5486214211644570572
1665625543	335434265814990128	3621928707201368480
1667430440	6403330199651108703	8034814723605523237
1669266643	7220898276817167863	4384148160161090604
1669917741	2092222261563266690	5140896207340143918
1670360894	4868243602135906891	174803661244788033
1670604324	5371769743224633757	8867487788733004087
1670621416	561518650071652255	6387286746331696758
1670649431	195941294581821011	7286234949935477997
1671052908	1145979777881517230	1374821893864381243
1671598394	1778656977239560185	765581003944306954
1673483559	6787498622179749326	1496735388059016774
1675292894	5385735205468294863	7511707609160631842
1678221267	6503780979931778807	5594166234052520868
1680199423	7089097471695442540	4906032357512926067
1680646080	1388150619477197811	4990363943241231358
1680887306	2920172005682371719	5268984906751644034
1680927527	458026884953720594	8217975828410569731
1681367049	8850616707167527495	5135234559534528221
1683158623	4254801574094236180	1543182982074006699
1683255239	2243294094127969984	6037146389902618115
1684894906	5618148568722947956	4961468719457536242
1690164149	8537190205386382085	4221998862962376174
1690421778	3624564982108741370	6736022727557117961
1692141583	6098928481777387789	2763346280796791080
1692378641	438181436820902170	9146426886499418058
1692758443	2712224721320243465	6331531717795848836
1693195320	1369674699313684139	6401236670838626267
1693881565	1275158248996762790	7156046320238842523
1694060213	896633001708570793	3927748493013141166
1694573813	11955187285718937	3311833332125539281
1695013514	7928931642655415713	6656753211262504494
1695263176	4145258095544714071	3819602561107679107
1696205051	6714998465043076231	1807158405161788249
1698192372	8473720710692736532	5415406862419417242
1698626299	2712030592506351736	3695501167643215405
1698969293	6870702596104575956	5681390637700404948
1701812211	7470557307429329927	4860336506978424694
1702052031	6445245661020542913	1640979651209094969
1702521515	3855646290476597325	4598708098422973835
1702958011	6839706880938385757	6080648684942879479
1704765285	905976642782246431	6825951158184257743
1705363739	4596190351700800629	6924315023193259135
1706233342	6504235882596166274	6805925453202192355
1706750154	5559425081936494373	241764923544062520
1707869076	5454198688474578763	2992700519045829484
1710277556	4247553158507314528	9529134075886105
1711048754	6635968500204667800	5705858007321834559
1711487617	8614805897024414073	3939815103648804814
1711728602	1370678521976710589	8105227202816502646
1712120723	1428022302629538070	4642920425978992346
1712285010	4633647765781643437	5385028524801471877
1712806083	1676964785190131881	5075612688556570097
1713912974	915719800799471690	7338475269928595533
1713914224	8891372132391486689	7233437908601009127
1714536679	8168189003677484083	4987753337107127768
1718847413	7312238019031836510	9020204301049399356
1721330364	7085185175645652900	5897998348136899247
1721350176	6575814296598624367	4336213055766028617
1721772462	2981205279008815393	2842307793952822585
1722014043	2759539293037666372	4515313754133848414
1722057393	1676066933683458066	5693509359031110241
1722131520	4508578367146492207	5253991182451064376
1722316960	5069673203154616296	3332931467039799566
1722487280	9127277130096730334	1289492556529374729
1722919563	793726556756789525	2665728176274102129
1722994365	6918816312717795461	4845429283610093034
1723585670	8425158302642600964	7573755352409147613
1727230522	1800085311379110274	2367074296826231143
1730761403	527995809467921155	8693359590638604564
1731535515	6676050316595897849	514014798824996591
1732216129	8147699657046772056	72130409671970626
1732669613	4910376313027634120	5841713411997686716
1733347664	2372965235081134393	2842364871436408926
1733348384	7266238049038619496	2842364871436408926
1740017195	6571278792256819149	8332159830154752752
1740106364	3255693053113344836	7860646126034885873
1741657269	3914625209249502190	283251312555747137
1742429664	8658658514957034082	692195120090192430
1744767706	439110868048387851	8316236131586781947
1746058002	3960850174558718542	8905637302829320025
1747271441	8672487593871917758	3079567218041107533
1748233183	1885420406688965163	1499779186547921335
1749151058	390675010752052602	1595064686870559056
1749507777	392611373671137640	291847808513442491
1749834948	5066069668333351250	5804313439985829589
1749879064	7835346410161847889	1918354491944805325
1750055665	7424223709366395273	748154321842674390
1750284805	7077061352588733183	8273239639895877079
1751331941	5078493312748947742	6120473215306916307
1752196390	4158054436110833999	5933997156587910660
1753156427	2294337720749147576	9002919531652055700
1753924067	4298814936661670941	3299357885750481892
1754527457	4594743325846488657	1637407920802935257
1755716929	2386790259727180999	5896436868510069222
1756253747	9127233830426584354	3765169369420360331
1756490548	3637950967776613225	1432162571553288946
1758676495	2696790444170956958	6297822753303491600
1759276796	5666914033133341364	164696277081244995
1761243072	5877597060036108272	4963766008478996224
1761599485	4843472773372564190	1912176844179594267
1761927115	582014339973449492	948422388022618114
1762311065	7766958687464620680	3814311805162000298
1762486577	4367766350064337324	7125550977344655209
1762992710	7820961688571861709	5885582836140761084
1763597451	3396807686779887665	3865640354681603004
1764871915	7941814552399129896	6335479207955622110
1765559129	179342197692768044	5817941124950561902
1769634948	7168885653802526598	4517299636215250474
1772129619	9214133759059300470	6827561053212263062
1772486845	5422427182768030285	7708557795498285093
1772814149	3625413368801666771	6822416690612999565
1773098229	1829584237736584398	2811100662564421741
1773205830	1681797190240701868	2496019403426699106
1773792384	8087525230437285180	5982170000121160021
1773889951	6432683927639570976	1824130251800317918
1774480073	7120119780561305276	6940121312848995477
1774480105	5169930979557863868	6940121312848995477
1774576798	2195818115043356827	6491669081700357295
1775611779	4915427571635158258	6044854800517407120
1776648378	8797505309578925779	2108250540905091310
1778181456	7011545316967399352	1272113758738763182
1780074626	4684216145461069409	3789175854957057271
1780614632	8760378026138718375	6084801333145811370
1782269598	3837355317569905986	7101950918954163692
1782515236	6337295774092240541	7082979668473335325
